o8H2/0CXkdE0m94u1d6G1fkc/a9t0=7tHV/UxhN8PV6y=,sw4gC30T7uXk8t0D7pRt
R2s0zf2VRR9NoN7Yfcj/V8PRBsNHsl2I927cyZ0RTk07=,Xp9xS58j8p1YfYfh6DV1
l3O8dh3o6+BO68+bg7HHYNWs+Fog644ujHPzAFHs1930=,VABHS61xiL3dJ1i8M1Jl
eVF5+3n0jvcC8p8pqnucZUXq582181M8hOxNAWs/3HJ1=,pZj39f3MsX18aJEn41ik
gja9Cba0g/Njg1/zOXg/z05M/80o195C9lgHGu9B43W2=,wjZW3m3GfErR7258O8yK
1990Hs1xa/eM0Q+RMcko9194mcIm4+gHH4t3BP2/6v1g=,0Bk7y52F3PdXVrYmf1ww
VxCz1MAjF/4b13Igd24/ceNI+j5gx2faP6110So+bJC2=,0d1s4SXh26LlwsxYqvdX
t4C21LY09+UQeW+JG48fGuT3W27Zz+orP7dXZ8f+H8c8=,oL790B3fyxa0BpK7Ihq6
10fkRBnl2/4uV3+er6R2C57rth7L97Cu56/078oukgw0=,Yu40Q94bOrkl9c444w6R
exp8MK6I5m81I6+lQqt+TA54/1vVZ+4Lb932X497o5tr=,8rvu2E4K7qPp3ngH5Uy6
Y4AWvaHo650K9eBqR9gMwr4j98GScq90Uj/7KLq+wrve=,vhLk84qh3157Ksw9lXDc
7cyq/jz72/53kAY91mx5Qxkay5Tpn87fG3W646n+7Wmi=,z0Uejxz96nXt6GIP8Q88
4c3k+SCu1+6W6mv1mB84PHJ74e5Go15az3LH633/5T0y=,wz2KxACH7umeL3PVLKsO
45sj+ST9W3fsRN/B5okmzgQ4NNII7=S2Pi/Wb6RN6V49=,l6yOW2RiL56XDZ224N2n
GN0fsT4dlDEa3C2l6OvlBwf1/t2eB+cniW/RIYo+o90B=,ySFy1C9EE6YaP40f572n
83pR/w0mQ/M93P+bb2Vg9gpI9uDoK=Fok9PLcsp22q2I=,16lEGD3r3eWzjw7P000d
2NTgqzU1C+VsNJ/bfWCxp4j118cEDx9jz8G67Ia+jZm4=,23034C0887vO4hk3aQ1L
oHFWFd0uowmxV3uWMM2MQ3ro/795zSR11X/l0rf/qBIB=,Rknlk207oh220wU84z77
Yuz0+TB0h0y8p7/461z6qrP1DLz4E=K4u516rWj+GR8f=,lw93RSyOK7A6kJX8d9T2
q11F+ea9S91A1c/Jaqxl2h458t85a3R75xG0b4I8xr0g=,W2wMV8Cv31KEOZ1nUXy5
g25Y+5iQU362OT0mxt9Y7n842pQPgy82p4/Y9hijmu7d=,0ay1KSgrzB3mueXYIiQC
54yU18cAb/sF9xT5XG6+4j0QnEpi6Ph3o7+LUvLMXHTa=,1K7l99yD6Ye990o165eS
wLRI9cqF2RDmuwA4rMewoZvitost252fbm6aK4f/kE5z=,9u96w62nkkVRz71b4B7f
L1aA+5raP0p683s7sqV77yHS6mHo889Mat/btz3H3s18=,KjTe12934N42Jc5GoCEw
9765+K1gw1kA7Nms3Jv+3tv4ZKVy9NfriT/aNg0DM32N=,e179FzTgl07WU673jWH3
8M3v/4Gvl/X978K4AC0+in43+er52g15Vg+O7hX5dTqy=,zmz8K7NxhS0KPOU5drrd
a4zm6n7Pei8569/01gp/V25b36wj2LYxi6eUK9g7N69G=,VoUo58rsuAfoygtPyf03
2Y91H92Pa2qTnP7n9Ywb3xx5RB9P834zol1Jp0s/6Ug5=,o04n9jRT22QaC7On5b18
sFS7/580v/kRQb8U9W3/cLDMy3jXnJz929sPDnx+zG4A=,M0wJl0UN71mA6z9vZ730
oj3o/Ky9lDPpA0290121Yrfd/Xfr9=HGvHZrqv45ln81=,FnWU21Qf6MxUvu7q2OlM
A41wffZ55+9RhQkqlzlt9xC510MC8sHR2qSH5p2b56Q9=,s19Kn848N3r7L6pu5587
56kQd3W6b/HiNi/R8OTR63mHEa2dBmCgYo/2bholS76e=,h6ur12UW2SNeCA810bhH
Q2Q7+To8s4bE4W/qCsx/6SOMF3iRs+4571w23C7Zh6sW=,rj94cFK8m2fCfC3nnFlb
Iq0k+EUmdU80v90HVP33IM22/a9252a1Q9IukCz+E5yD=,2SGjLmgnndBo59265GQt
js35i8a7M/96KZ+QakC+9sCrgFW0F=ZjdE/BzdFW76DH=,G2B50GSKYjzkckch39lN
eSgaW6KoY9gOPgejpocIzjTQcASXp+5J5tP1OhB05yT4=,8WP93I08B5NxLCbe9X7f
7s25GNiCL/01zT+f2gs+16z83c8n9=s7y8L7z01+65q9=,D8L8W6jNWvz89h6bGb7c
tsZAMg09gM9efY+0R9888I3NA7jbGzP2mWj1FOmeI198=,6BulRMhcwSyzmC1z56Q1
eW7r8o853+q63Y+A5myi5B4qfqq09L92Yp+20hip8C5v=,4yzVyn4LDHPVR8VRCEGa
V737sEX773LRD9RWbrv+wCxk+2QDVL550777638+62ec=,d4a75Oa9PL7Fkjy9zrjh
wA8R2mrdO2Vzp0XFeBG27m76Ula10B712m/lqEMuXeQs=,Gf2epBvAw2j7U45JKWAD
t0mn+n9Av/1g3qbfjPf+8gh4+16Xu=MDbD+nK4m/5e2o=,Tzrso6xDy12y9Y6og45S
Yf29+E4Kq+KQlR+6v9H+46Nz+5HkC+841s/v8Bl+3adW=,oWIf9XZWWCuGCsE859Dh
MixCbN44E/iAH53i32hYqw7N/6ss78ua2W7Ij6Suk8p2=,Kvu7jQ5Z6lhj4eK5WX31
i4q1+DZ7GZNc39+0x1F+Fi6HPJz8Z5QvR2b7U7W/2UC7=,5ND2kc505he8ttKFJod3
2V7Y+L9nSfvfU1lI6856lqHE7iMGmz1DeqIkLqfmt43k=,nm56P6841z99aGOk10Rf
XlS9/v38J+wbd2exDsG/OIWGc3vel=LzaqffDi8x1aAN=,0dkZd7qYf155c3mAqRwz
JxRD+32aH/yiN0/noVkXh0j339j0U+TNGz+pPb22e778=,YPT0bRADn3oOnu1Ak8zu
ydjW+1p0ia1bkK4hlDI+7A8a+YhI55v4e5AH9i67Ihxm=,73d1q2057wX9vC7edTJM
883A/lj1TK71htP0CR9+JZ6KGriSW6Go378S727xk6LW=,52tew1a2TOI6kHNKuJ8K
JSzt/5G0E+A97Cjrd10+s3KEod36Q=kdTM3VjU3+4O82=,Vm0Ul7v98E2mp14kZExe
s3h3+6dR3N0HAc/ch6B/NzMFyMx25c0ksM+TS8z+moua=,kit6IW6207cUeMXYPDY5
14vbr271J+If0S+6fm0+nnL7l34nD=7V5w5E84y7PExJ=,2oZI2B5yK22OIGG9v9xp
zP61/8q1R28vh2+40s9/Gk9K+sfZD+rY2Oxhid42Mqmy=,00qdk3kS0j4AORFC6o24
fM5R/QD1Y/dh851qk8DQuBq8E4bXk=hiPbHf0N9prDL6=,a2XH99Zy5IbxqWq1SSKT
lCV6h06eR/DSBjNH1O63IM2aHz1Eu+x0eb/cI61I5CpS=,YTrNbPU48KNenY8xS64C
TG8x/J53P0pG6W/g8QZ+GaAC7fT57RcuA0+ZBqg+7mVb=,v0fNNGEyDcroG10474GV
yXrmSw0732iDG5+8I8w4fpv1/2B55+8nCgx4y6YSMr12=,q6k4J326kNO593X2LScm
gA8Z7g0uJ+17aQ19uS3/O1H4C6J52yZ3Sw3x9d7+lF8X=,6308aLm1WN9Rksg0rH58
fayrLJ9l6/5ajB+B0Rqjdmrdkz3066H8S3YSbJuN5M8d=,zCVmh5Xj79pIdaDJPMy6
WfAY5D1kA022Xo+VOK4F5DFB7y0RfVQZJguTU5R035Q4=,40DJ64SaGe7D1a0Z60g4
gGci4qjj8Lcb6p/W6NpmZ77VId618uTWfo/YVqYB7Q0t=,66bBz55QRUWgTB1fv33W
Q084089Yy+ZtE9Q9XmRiJeyYsdanDbAe47MA3Fas7Oq1=,qNun6xs4sj618334K08Q
Yt9J+ohd9k1j2d6YaA525YlvQL0w1R2C1Y+2Mk0n4oXv=,b54Qm5N3o2X0ao872l6v
SnuQ+476sNF56I9G31N5t5t9+uF92Uo68w9A728/tA57=,L639d9K6kxch25Sst3f4
9731eG1zI/ZzE3+6Qjf+uI60+T7ld=8Z0TODIXO/S6m0=,wP6qhl3w0Mv625z4SOm9
CgHu0dpLxk1ikcOMT0Q+P9o14LYh3EwK1y/NKYROzoN2=,0x4Jh7UxAuKszi11AH3g
rckm+oub02ft8P+Q1s1r61FY+kDYv=4ULo2ms9PctI8Z=,8JoviBjTfBifG4i1Tn3z
oGaND4605705WU+JMOCrlF6p/OD77=rf2n8wE3F/2110=,2fiRB1YPgVd70L0EYyky
qdBG/5G1d/lK3o2g4kYYslfaeIri4f5Gfq+tyZt/65zD=,tT41iexzXA4S3M8USHxw
9j2X06FbUqe3p2+F5wm6wbY6+beov8IMLw/6rJ60hYSi=,xw78cZXo8iguWNIqSI01
5N5H848YT+RqQABQ572+Cr3a0Ph9Qs51An7DWQG+Zx0J=,6Rdnejc0rYFb4JCGM8QU
Qict+995d+976U/He8O/5Y10JMor6W33N9/7l14/bC5h=,LiiIRfzO73Ur60rp34LJ
vD7p+sCNN/OYCW/lDDJPU4Qh6g4K57AnhL+rDUV/kB5f=,yPaQQzz8v2NOpsnv8O2b
Q5UY+G5gq+y7VVNg45Q97wqx+Dm03+Dgrq0nMuSJ622b=,R8nrQ1PbH4FuV0j0E77k
0DOY/T15GgB25VVFYYx+dSr5/9b1z735y1+FcKCI74G7=,V9G73s9K6rJn09bc16o2
wG7A/P152/6PPT/789CiXi2d9R0WYbHgq3guZ6UWRCBP=,mdMn2i4Ve8j2bk4oq04C
rR7t+VMC5hENVY/6k7Kp3bS9/z6fID4GA14WNwW0V7RB=,cUARXoUr470mS2N0qLGf
gFpT/1ZUv+m9H8B4u3P63938Pc6Sw0u7d2W1KdAU5f70=,4yeu87V70nb7rOeji21w
4vLZfpam4R6KQmj45WwWZ763SwlEqD93Kl+2XfY/x88N=,uQv631rIKpr9WGxMWRr3
k8HUMNULX9280R+gOe43RI900lnX9+d3M0/u5EC2d0fG=,BNi31GPm8TC9y30Yj7yj
v3dK+DVMm71u12Znc1VYnBzJb8nSY+u0pde89H3Gj6j3=,7mIQ8RcLxE8E69n7HWl5
i8xpS9Ct0U4v50+EUuDj4W434A654+0GJh6934J+YX3c=,30xp42Jly124HdS26XTS
SK8w+BG4516D013MZYo5630RYB5rU=Gy9d/1k80An09n=,EZj8k8B9jF7H23P758rs
cl8213JuS/K8d4pgq1m5GpOPvQ6O6Hb0OkZ4yXgo36w3=,1Zgc2KAqXKIl4bZ27YOn
et1N+mOWn+yENY+soUD/nE5WzO7Iz+61mF/Qz58j6Fmu=,57p5JZR6M49NI1ae096Z
oLErToL7g0d9Mj/635fydKXghEhU813k8v9w5eu11gYD=,zE8m2kRmF7u1RI3ozRaX
92I4/zJ6utlSIc+YLB3+3W8f+d879U7Hpz/ZML5/4nm2=,zc14Iq27WLXSGDQ2Id20
RPYE/xRx8vql7db53RQ+v6Br5bqgM=qJZFqGuTN+yg2d=,3horTg9ZhNPK177W49Ib
lK8RpyPgl17G27+mh6Q+sv807lVKk99ylX+3OHL+7U1J=,8JYqD38xLV4EcWOmhgD3
05hH/APM37RP8K6QKT0+aTP0NS4SvcYL39/481Vr1xTE=,aUrNap6R0Bbqvu7PRjN7
1vpW/DaxQ+q8me3m011R72hUmtwFm0b5z9+A2Fj/4550=,3hhN4S3rf5FQ5yr18J2Y
JNJT1p848/7F6G15j5OS8z8JRTgt6OF0237S9YTgSsVQ=,0YM5nY8Sd4KyAxHT07v6
45o6yT5p19q9vDdCR024x6Jr+2EOF+Uovu+m3Wq1k460=,J6vD0iRh28xwH1X49wr7
jootj3YTbSGeUw+B4tZ/kpCw/3NF7q14Gm+u4ps/muEq=,RViMfO9aWi26h323ylH4
D8K49zEWxc1625/3z3T+2dnT+Z19K+K01L+lKxp+cV8U=,N76MYWY3QzfBC13SqV5z
8Vm7/5256R83c5qaiARu6Zss+2F6x=KBYd+lwY67dOmF=,1269rBD4fHPbPw85ZO17
5PKdLru57/2BYSdiZHO3aWc9J5bI9M16vq+x9dIkmMd3=,16jefJnnq38L9iOGLBf0
zU8s0s1EetT8D5275sUVQ3527A65i+04T4CmW2Au1yOA=,qo0EPq5e0Q9qQmO0c4w4
dDg6/XJ84b0lvhsn3F5CP8262XAX84X6Z9m4AEnmC7fN=,51P5n6W6g54QwW67m8Nb
f9v8+51sq09Gb6/214vpTMSX/ngkpVRODLtu37a5Au2V=,zH7etwQsup93V0s5QvNu
khep+s6W8+36uq01x8w/dNeJ/7A9d+3ep5iyO99/e7xk=,X0U6Hid9ogX6z94HLQd4
a9z3/o8RVjC6T7PhGTLi6a46dL0PI=1Ow8sz16Iv1vlG=,8ysvklf4u9WIlvaDUOf1
42H5lju8mtOlg3+5fk8+nNqb+Fg2BbWY6f/66jzvrCL7=,g2740qzdfzk817Eza6vS
V1p6Pi1Am+pNl3eYQlJp1ZLK+b12kd6XKqoX5c605oS1=,7O3ajk3fRZU9UXLNCD6O
7PR2066ziTY396f9PEiCOEDd+MV2U=09e4+6JBC0SVwF=,3eyk7d6xVl372xBQ1j86
UZ3q583pH3S6U57XCYOMLu4P6i1G2396gI+nohESKbHd=,e2cY3Z52IgV2HYA95gWB
60TX4ech63P196a7kRj8s4M0/0AeO+t5oLOAC075MKqD=,Dq756885I68Nxzpb3hH4
g4m3kZJBtUWc4a/CCvoUMUNUBoN2G=VuW77fqvI7cfEe=,rk0DBiqa4gAdmt4TizXz
kIZd20dJY2HWno/MmnKWIb1K+hW6A+E7FfxUBBz7083G=,cP5YkMcK2gv84NT3b62L
QhE6rGCc6+8zs13g9wc/zz27D9Ofw9d3DP+E6wrv51e0=,558fHTH83unReQDP62QY
l0v02aBhJ/BC8P5bL8JRK92K/2Od1Oh8oBOhTo9v4Qsd=,vQRibE87PJB2ng8Q70wH
cuab9yvXvvQ6y736fvP64mk71fRsH+K34DTpq8k/RnLr=,o08pHR4JHs5Fne7PrADP
1gRUhz1Rlw13WNH24G8S12Bb5nrgol0m29MYiY3qW5nv=,49e2sLxXG18cp2B2G7am
4Y56/55V8+ZUs5/WQ2GeS2DDJ1409+8lSV+87t2wfpZ9=,0Bs77HPa5hhTc0NXbi2G
mkQNtTpEFOI0YR/GJvZ55n5q+T7qbP6M0e919oioJN0R=,z2rVc91ck0w5tsEXDfG3
Xo4wYqCkcKAjoH/o69oH253dNc6ajZ00dY8Tnz8jnF9F=,0UZuB9Wa2PR87B633k42
7W8meP28Z/H3i0+zGF1Rnug8+x1uKu4sm540sgL+2T8i=,yS7L6fy6a4RzEHp2TrJ8
hsL4+zBsW252rBEJjBw4od8NI7O3t1nvse32y0g0aEOL=,Uig8gwzbYrNszl5sX9ld
QFx7/8lQ9+a81u/In6i202Q65CqEF+vO5pKnPlN/5JM0=,o8415jVorlgF6OK957u1
L1L6+WJgbKUA9U2qY8ql0W8E+6Z3uPF6FP/1L44/qSv3=,Ogn5G2F9v9U7Mz0Xr5lu
0R9jZkOeLha4W8+csM317GFE/395Yvs463+dXYqo8l4L=,j63L245SqHD5LxEzlsyp
w2n646UsN/G4o1I2y2TF8PZ0+6i656hjpX+55bt+Q22S=,lSvGbKzqOet8s9oRtbCB
7Tjo+D896m4Pqm/Q6fGBG2u1gNx5HQM3tCs5Zi7cAWC6=,51C31Jw5i7uGn4rzOJmA
34z5+hAPjpMFijpx56bJ2336ujEVD+s9C5H40NoCthO6=,VD7o6m6aXQoYHkccuWo4
uX90D1W41+9mkxRtS5h5C4yc9r463Z5VWz/L23laM4pa=,B8b43svZiijGcJ8zylHB
c1Qv003Pv/159P9ErYz0Ct44tvHxvhBB4PRaSP0/GzLy=,41ep2sRxA05YNquuR295
Bg9R+2UuSkZs5dtAkhyq2RF5/PN3k+D7VJ/8E34YQOZp=,qFfo8q790wyAT64aLAJK
64LttkcH9/1ED9/XTFoW6Ze3J599m=G7rE+0X5E25gfb=,ng3Y0kdbnn14ZrU9PcT9
m55w99i82/8Jd24jDN4+5YlM+yed4+hp3627a2q/3uxG=,3e1Hc8675Cy3XRMYXIUn
96Lw/f8E7+p687/f68m0oU7w+0gOfskQqc97m5F+bR98=,23L481u2mLHVR0A6e5F9
6AK6/5tLy8XZ07/MA0w+1T35aAO0M+ew66v19Z30i6Dh=,SmgV48Qc2X9BQ1HRl3C7
Pkz1+BdlI/W1dO+dorv4BFqv/W1ty=jPwNf5bZLyny4H=,131Cm3hGp1PZ87ttBOE4
45y6/6BQ6VUoWhENOKAs42mA+g96269ehlXL1sL/CaMg=,336A8e206tehtgUwke0E
XNlJ4inXK/V16j1DEBriC7m3+t02H3OdHX+vFLcI4lq2=,67Oy3ztfb714dl9N4wQ2
10iz+ys2N/3ZS992e6s82l7j548uS5Le0DmvzpR/DJrY=,8bx82go0gORe9avOsSss
M3y8/58E7/454u/s02a/Hz1xI9fr20pIQqUtUHHHd916=,J9h9zGWqXO8RFqqoFYuz
I39U+7sspri42NqQmvn+50dREiJ3xNV1wiQVGD6/E0OM=,6axZ8m3Z956WdEY475CJ
125b+6b7ksDR342CK7g1n7iGxaf71+Nv2M1V45I77A92=,1543O63v579oYcAkYsu8
3s2C+2g1H4H60V/67F1+6786Cq9P2+06yE+Qfon/mMS8=,zUiyLh58AdQwPXu1uzUG
n021+1E7l493f38iZ4r+CY4J+llmhS14ORAz6IrCW9C1=,CoTC3H30maIQ0sNSM1CB
B8Y4Zbo52uu6b2+0L8ntEom015ZED=C1RCMPQfW74iZk=,f4uzl6Q0poe8MdCIP228
o7Xg/oV74g34IX/9uI4P0sgjLY5Gg+3GNl/8qn0b4byF=,28hdiYc8iN17IZ5cjCn0
9Sb5U6rqf7hxzb/6O2T3I8cwFlIWS6M3LP/SNdO/LNgv=,Zc6k99J859WfghIDa1r3
u9ehDL1po+b714/n4l13he9y01lI8=3z5h+HOX30EzJI=,5ZhWkVU7cQvkbk5AxnOr
UDnh+GldN7tmH0+k5W6RYBA35h889man63z9Hdbm1dRF=,zDo5U8MN90TuAHWcT9gv
LTGgY7GQ8G01SGYH6Odx3SCoKN5f5gyXt1+yz4s13yn3=,JjA31gu559KMKIda318g
gU2241G5H/ifBwGPbPxRgm2z+CtYq=N78o+61jQ12E2X=,5o9bH7eVa12QijXL5weu
81dRW3lKh7rx843n608vmj6vcpnHHk3jtMkq98g+0aPR=,9cUQBlR5btNP8k9S90rC
4ov0/14PW+L4cI8uXlx+4ikTP9IAf+oS85ffUYYCdWV8=,4QoYx1Rh479By7zE14xK
k2eUCKj843GIJT+h85O/6jHm2pPAN5690t+73lXQup5h=,e19b16V6LnEieD99zjTA
KsI2+aUBfcb6VJT14rHXz1uV1SV69+45Ij+mH01+6ln7=,5g3g2jpGdu519oXEnf3e
t7Z9/r74VFA5raFVsai/52d2Oijz4+o82JT6usvZa3VF=,77Hjfg4nJsVZk6lC3FWu
F6HkLUv4B22Y70mZ8MrPSr6F/B72k+B2AXwkwI0OIa1k=,90UV3xS10cMBMZn94dD2
Ez9m/Fbqr+N3yQKd4onYZVG1Aml8N+5kRkVNnN8+ktVc=,il1wkL6O20LS41cBnNT0
MlJP+8h7K0N6X2qx1ko3Zw0a13dC9HfZF0N08hK+nH2B=,yzY4an78l79rV1a2E8OJ
S5V3MJZ4QXsxjTmRqnJP5c07rjYzc+73L106EsC+9NxQ=,Ds08NnFI8YrSY7e92ZFk
4VqakZa8M+90tWwQbdb2xe2D+86O2+21oF4xuSYA0r2B=,L205STB6TO9BSpxn7wk7
Xcfidz0N917LnQ/o6zV86FOlwf0Cwvbpg56jkIh+E9Eh=,nKeIkV56yVf9fTa1UM10
7DSfGkM1N+3VROzE8a4+zm1q/8Rq28qwHE/wrG2+pfg8=,f80hJVcFc3YA2iKWql7v
mu7r/2ZbWdsPC53z4LHacZY6jD74Y023wv+SvHI/Nvwl=,Lk9G4p10T2k8T99XWR7g
N4IJ/nVN0NGuU1+ekPh41vkiLk0gOwmm98+CyR7ERQjB=,s775qzYyUN1tEJ6HeNr8
F7OD+BA07qw3zk3J7DH/LWWzUrCx4ivVBKjyI2CD40Zz=,X0ew60Ibi2493njnoByU
4b1f+dnIxwUimQcZi73ia7qL2fkFmIqlDdP3QWy7dQPV=,7CO222ZY9IlnRzoKw93Q
9DXv/4427+54VFJ5gF7RX9s92EWiYm0l328hJ72C8HfD=,Ji3FPUERTFO05DuEuPRx
2qbN/jL2F48orwDtrwq63JzA/85u8zSz6shgoOuC1vBd=,1SAF8n0r041497aY1wQr
JO2N/5brv+84aF/VJIn/4HULG1X331N46G9OsDl/5W55=,5oel91asqdgE563HP67j
ke4P/YyDXJl9Ph/045E/XZED/eiaA=L7F1/PMtp4jANH=,13aK7M8pO3q34NZk5z3M
0A1d/8i6MlV4bvpyvXC8nWqc+3A60wggBE+TLtr+8G70=,CCls5yPoQ1qq85N2E510
Rwev+0uiO+93v4/RL9S+Zc2c16Ud3=40jN/OmRUo1CeR=,5YrlxDto30Z3Y708hIfg
114aXWmy43Bopl3Wzyczf74E/Mtkd=xhR5uOs1ZNiFlZ=,fXL1idskFA1Rc85Ymc15
e3J40o95QMjp6Ym4ZNKMo2io+IWpB+5as4eZoTr/d6H4=,w8e57VF80rEBMGP3OHMa
k3Sf7911wVK212+Fg9S+602NxwnQ4G9lDBe2jtM/6v5M=,54A5Py228c8Vsv85V9a6
SSiw9skdHvi8d63l514BJU46/dfZWoLlVA/oex6+1iFn=,9RqG366CBfn2PW7I1jEl
y856/j6A0/HHfxHAASvsq4vIV6R1Q+g2vCe71Q2+2yml=,lO4OO9UFh8Tjqm1i1O18
d702wWKk7/Q5qE/645A/SEcL7K76pmQZ98N7hp1+hlTa=,xymKP2Nhl15a7m775q42
3oCGozZ0Q+Q20R/xcf5IgrH9I83OhgMm1p/6Dp8+D2j4=,FR41o5C50Y72xLKisU12
tBi9+5E4JTogKLU7cxPPA7gn03J235aB4m/KM0h8aF74=,JX0Ad8aDYc3vkt9S7uEa
4MBA7AaM0/c8i6io6tUU28NCY74jprB4Il+0yGm/ft3V=,wM6M1en1HBTzOxa3Dv1E
3Qll0guI9a8YH5j11jg/5w3Q+pRQ86S5w4F82414rWX6=,E08kQm5l939O55k5Ab26
3XX7+6sy4/wYHnClZtr0NlX2+Hs7w3Ce8Erh1jg55MO5=,z6O0q42usfOoytIwLav6
TCO8Nlng98i7V1O40Q4+a5lmI9erE+9iLh2HZSP/NH84=,ZWr0N36jkTMOgqLaWr9G
nO6Ct6e3t/O68U/Ak5LqrPdD146eUix7fpTR5074muP3=,T5bWb5OJ1JZOV9owRdmF
UCw8oaaImov6pMu5tcDnFwg4JK6s191IZ3/gF04Ws53j=,rVu0r8vEYkfb9F37yXs8
LBGg92AbsbQTTK62Bz1/Y41T+Qo1r+jYce3sr0o5OHbA=,lB2J764m4P7RQEwy3J09
fmcu52W7CxjabT/tVvC+M3576nzND=8Z1D/Cr0Lv8EV9=,0P6WPkI3Nb524cR4tBPl
7mDl+rLVA/g6R03N5qMRAW85/nvR85HJGi/6Zsm+fdK6=,uXni1y0ZzNwVh0i44lgY
7H5w/59SA+b0E0/ci4p15Bom/o3P522493mwYmz57Acn=,1jstLUm76DSohJX4PuPL
09D0kA1hW4sN61+fY47x3R2u/y30gUB0cy0LTY9PXSSM=,c1xBj16102kXTrn5r293
hF3rMcoaB3qOMWTXWw5+l5EI/id4s6qNky+eEp74M8uv=,Z1hZWX8LdlRCNJPw3n60
9iua+tuZkYya2xGqiHX53Z4xglLVEuMRu8+m5qP4u2s2=,CwNGIxTtgSYMU9FDKZKN
UDT1f5gqM+6x35N64LCnzZAW+E6E5=Gq4Y+Fuw5MR31x=,x8QEOAfhy5HDR00PBBX9
0wwY+U53V/0Fei+LJd7Mke2s83s8z=819VEP1sb/nxAQ=,Hyt5urlg1s3JgMWov6i7
aW67+rvNTir8gjvjB28/WTj5/yFKS5iV2XE34tc+gVeA=,D6pPHn6m1Ay2tXgg12o6
wGr3Mnl7nh5ZY4+Nn7F+3CtinP901+yW65/qF5I25Dve=,5xg0TQnspS8xyHVN4bv9
13ER9Yy4JmAMTR7i25s4Xv3k3wf8OQ0JhiUFkb67BqVf=,04s6275xyuQ1Wh26V2P1
B44I+psyf/K3c0/n2m4GZIs2hCta4xn96RfuBuQ/Bzb9=,yS2nKUVoaWrxDBP4G9sG
os13kZ0b7YWsGl+1buBIG1Vj/W97ti14gv72d3QOM4mI=,fSk2JwjygYFZ5DQD02jN
I35bX2i7UO00RDRKGcj+58HO09ta7SKXm2wE6cud5RZP=,4awOLDCDKWM7AEwy01B7
osbs2x072igI27+pijJb5Qrm6Lp3yjDS7MvaR8NqG0ia=,w2SndIKtt6iFw9AbGCGV
3Zx6+a5hF+TI07PdvE5T3UVaz4TX2P673rWwZSJhIacU=,SCLGFG9uS43ZIINffgLD
6QMx514hl+HzJ2+VjV634ZD8T6IRf+cTVpG1a8B18K58=,L3gvp69l6Z0Xj5Q5yQu4
A8K41U1Y3gK1Kc/735V8149oxC1SY8m7zP0iS4sZ3H78=,BBbYR8VP5mj680G4zxTa
f0C4+G03g1r84x621B9k1f4xr6eYe+GDpw44sXb/3Nvi=,CwYG387yNHA7qzkk64G3
rBMWnjCGHdIqj2mKx1h/O3Es/c71f69fv8HCJv567y58=,P3mt8RC3Dcoy1Fg30i8z
UfoE+ugyNLRwCU1nPS56l61ilq2T910536/IjhARg7nI=,v8iLc9tC13lSpYk65Pe3
248g+BZ4khU6F2rJJB8V1wt2Mo575ZK182/30Cz/8K01=,wTqpM1DNhRe8nov85125
2bqI/AMdWd5743Syt7qw42we+4F72OyMCl/n0926q19O=,F8E8Miuul3zSOO11F70v
aN4ufeOI240cs0+z3FU/35Ql+T7s6=k1KyiiCN9foP85=,KHqnqEE3VTp5GF7PoZ39
22Tl400v7rcNBU/X5F1cuJVA/DTa054LDG+Nu5G87Y11=,m9PGRZ1S8WtsEW6n03G7
2HMyFV5GQ+V65MNA8rAcgI0ck52TQ4N0BR66hzl40MPW=,wP7J3sUyGzvopiDsbDdQ
kUvFTrRAQyjcpV+80x3/O0MFmq01WsaHBKPG779+dPXl=,gkfQ69b27S636E53Krsk
40sy+j459n8BkX52650+gDRh8942B=uWh1635GMi570F=,W55mx79enzs6HKeL6F7o
9M140Y0bRZ8p5l7B7vi/ZBX0391ab+Y6fL+r7Ua8igRa=,NfgY7aD73EgGp56XYanA
0IcUEi9wK+WKnemxZsf+AjTL/50qwXpcEL+Snwgq0J0t=,yd0DZATgdWocfC591dkJ
znSJ+G6afZ5TcT49imyOM89ivADj57h5s5/rzZ1bx2e0=,jv1I0Mc8Pv7rkb0Y57zb
uZi6QBC9lyV2aRpE2FI+9yPca4qiU=kQRL/33g3+h5fw=,QFfXPMLq4BrlU84e4azj
J4C5Q06to82718WkJ4Y7y18Af8dH7=J1jeVRh6P+Xkbb=,YdPrdlpou4Rrlxd8np5F
GZ89+55fjx41b1GzLeCO63ZeB0EXC47aRXTpiP6+T2s5=,95f5c695g81t2X3tyDQd
r0g6+uVb3/049i/Pl1V+U4XWw2Vwxtq5x1yCR3L2oa0i=,gQ70qiB3cJkMltVZv60v
436M+55Y0+z2rA+S26m/mQG8B948N4uMv5785eubFlc6=,87Fzh94cM7vfjrM803BF
YjeTMJmeqQX2khu9eFR5juKL+NWIw4Uv6b+Ddf6+n4Xf=,9SuJFht3VIv2qSOv2Ku9
hiuPf79C3s8Gaq/A570+71YY888cR+rpGE466o4+T6Xp=,i4TXJns9Kf8PnYzDJWpj
1n6Uz8AKj/f2Te/a82c4EZ687rHwk+Uh4RU395w/I2Ii=,1DN8FHvLO15MYGLOg4Dq
h2bn+V8uylHm42/oe1Y8fywt/gg2pp40CqIn4iO/2wP1=,5793043mRs34ljsb3ZYs
Ly1F+CF7nFQQgo/w79u+r7p2/6WAE=CzBG+EwiPprfcW=,iTDa4stWIQA3mhT7jyMm
09GJvvO07Wz270/R619+rHI5d1h9wb7f57W4XR8A42P9=,YXZ63xzlcc1lLdwmUIbp
4P309h24gF1S14681dx113hd+ELnmUa2NZ/56Sz7skU1=,9339gZ3Xvt70b84C0juw
746PlZnF7/2W4N/0Z1U4FHPr1yxE8=E9QR/eHYL+WRp6=,b4mz8r1lCY00RCJgRiGp
Skglzhng3YM8zCo1b7A20u0KziQvq+3ftWbccgNA128m=,i5N4y1oJ6fBqMB3a1383
MbQV+J96A/H6Oe+X7qbrlIZW+j578+R8LNry1u6mG5e9=,gMHsn6EPa4pmWnM14Uo6
010cv4Dk07xk4u5Vs0JetvlurVn6J=L3xo+UgjR29VP4=,4D0u03xMg202jtMFJ205
clqvegn8b6daEb/707dOwFFO6628u=I2Hu9j87X98kA0=,7UEK5O81y6lVGLPD47Tu
1cV3+5Ba6/zyt0Tmr37+4tizp3bRw+Gmvw2wf2K/361n=,43dJ4f1h4DaYx9JiWWSC
vBNw/Ovf1gy9Ha+oD35/Fw2p/higvB1WO37c0yc/2e2D=,1gsD4YcA63wSHdWs1290
1tQRvfgcV+grqU2FOb7Y6WTx+K2Zn=y0yeemOfh/P02v=,xK5xX3DY36FP0qwMY217
1o9A9eW5t+88539UNxs/Qsjt+O8z0jv1D1DL2FrTdrYx=,6FDWEI1VSf52TP6GnT1N
ulv95Se6Vly0WS8K6aFvU60CF7Jza+5TmS/59Td/2AHA=,9KmG6IVsiTAe1F7tMgvU
4yY9+C66H5Okey+q6p8pcCpj/62AazU1jO5X35A+KL3R=,ceQ3Ln1ODe7wEhx2TVW0
8486V8mhNK85D3Fo2yP+Cl03+8iE9=0dxV/E395+R4eU=,h8BmV1adl42nAs64jm3X
7aQb/8ag8gGRBjlP4uSn324Kf2i2N2NeMsgQCbq5kyI8=,Zki137C285ugCedcTTP6
QwaGZbnNJ+hMew+r47TvLYuzK0E1CN5sVX/ri0S/D0FJ=,Z2ja12x2LtHB4K6BDcd6
120X0nf8c+m9EX0zaKtiECyEdV71b=n2bL/da9xmS2g8=,m3u28b8DRtN5l6p0OQ22
5JSJ/sC6qB930a+f5131oytNHsY0O1zdfs+Gr29+x8wJ=,xvJq84xr7bBKa6sEm19U
0tfgY8cI728WOk8Qz1x/6WQg04gX07yxTs931cca3lcg=,hwimu1F4nQj0T1h1jaN3
1w9t+Ks04+MJge0HYBd3hZw3Y6M59E9791LuakpOCn6t=,62suUz5g7lQc3tNZpXaL
Ci7qL96XI4EC3hiRQ0C+Jxod/ozsm+jLuR/22T8LB6a9=,90qUq13P62SUn158i7p3
tq7F/DxE5vY85t6kQZq4lx68939XTFxi6hZKZ65nX76I=,0DgPEPIrNc2P7gBuUGo6
kK097Iv94g4bty+7xEU+iG6kHtQSbX2Ot3X093S+17b3=,K73KO4UX51iXidT4B7u9
opG2+cd5NQ77Wv+1Ltm/oM20+cFf1j1cBq/LelNA5je4=,8xVNxaaaj3SBj5pgvoMV
4RMw+DVd1+xL9KjGLPl+mtcUNo6d6=O3kcB84GgESN2j=,M5uPda5A59UeHj8U95IA
92nZ+B081WvM9Z+mY48+Wr1b+Enbb+255h/OEPe/MWzN=,ms5g6xQ6mJR167PK54w2
1XC7+itDcGUwil/saFU/vIgM88J1dae5Aq1Z77b/AkrJ=,ADa311qwZ5iNd7S12oJW
KfZB0Zu16H66Hx/ifPB55XJb1EfJ4ZGL6g/q4p2J97Na=,mLumdo9q2HD2D2xiEA16
fil6+a9Jp4noX8YL6vk/4990/7RE2=P5MiiO7hWv2DZN=,1VTb7wG9645I5c2Y4bY2
y09X52Jm7Q46Ilp7Ci9q6c333WCZN=wYBW052v1+1f6S=,jE8Ba3zyVLmiV0y1S8fV
FA30384dT24U64s69yKE943I5IXjBC159Z+77pzd3XAc=,i22kRasr3RfniLtPGc3K
pj6e/D190/9CNWasen2gS7MNOJPh2e59kC3B5JZema7d=,zNIpEmeQvZ49w0ZZmKvE
wQiP08WmML1A33+cZ0NIdc0AUHpxq=OSZ4x10DO+096t=,oL0rrI5KL1gP6MKImBdX
uXwBrTKw7/zF9N+lR82V9N08/RG1e246w258B9155sYK=,JMLZbBqW8IF4u8Q64z05
ynBUG2vgE+ugaZ+Re5foE03k/SQxQKAOVjG8kBu29jHG=,vj57xHHaMSd10KRi18Rc
QfW5+r73cWaEze/051ZU933h5M3yE9Z50u+8399/fFd3=,C9l0D93h4Yp34nlhoaHA
Edh48ed8n/Yr7B/8uWT+2wjB/Hht3+UAVFwAfP4+aST6=,oyJJ9bwKXtqQ1P3nf9OJ
Oe17oS7Y5/5YAu+eGudQW6q7LIHou=m1Tv27eCqz68rR=,AEHz954xIlKhY8l5I3us
cjmcWVd21/22O8+236ZEFldiJc66V=9y3LSKgO37DKa8=,RMZdg6JOyMQJ9UVsUolO
9QeAbzPzR/nV1H/iojr/1vutfzFg07eIOa/ueV5/riiJ=,t3038QfzJ6eH8WBaAbem
B88Tq65Gl/rO7w/95Qmrz5dZ/1dGX=sCoK8S3xx/1f4C=,rkE3j0Im132zDh6touiq
PrKw+WN0J50rn6Ib5yKgbL0MXqo1L=6zoR9j7kL62k0F=,gR249w8mGY0jQK0qb0uC
74fnTXGikODY1v/y0RHZ90QNaoKhl1BM7sZ539r04347=,Y62HJmAn815a0F5PP297
qhUEjkH7ykIdx5+LL469PRVXH2DiHA5Uw6h175LmWoxT=,je9kr30rrRNPN11z219Z
tUWIi9nuE+grUs62vjpHW4v1/rFhQ=p0h4F8FfL1O3oA=,41405Jl0oh1x5izJB3Hk
F409+Yx8phQq3U1qozm7K6N60U4Y2RF8uM/16sw/pCyF=,3Yvxt3kD10WT2W8MmDxM
l6g3bMV4M/dZsZI100l/kux5/cPmq+NBW2IPeeKG50Qf=,4h3ijxlbN6fi2LS04my2
VNd1/scwl53tKQBuJkgMIMRFV07MOi0YbwIqbBvnO8aj=,37AcEJKXz6uq3s9YohxP
chNS/jW1m+wEsg/7Hscl8yDW+y5ZC0zUbg8AG66/2Moo=,sxQpZAjzP09P97a1wK0V
967G+8Rj7W0Em7/cLQb/NdL2186X0i12W7ike8JiO9a2=,B1x4f0O1fSHVn1i3xnvL
xWXB/25s4/0R1r+8ew28702mc38hzvoMH1GZwi7/7z82=,qW8SePyiQ31Tg49Uxksx
36351WFlh+Q62t+J3ZrcQrT5zZm22=eCkv/oJikkd8AL=,XX7WmprZ44FzMCjlr3dg
bBdnFrc4EhP667895r3/AZp8+1OXhX25p9DQ3nH/tz1v=,9WzvqOR65gS4sk5k105y
43CFz7zfn6rabK+m18aADSmb+0vfW=ZV5Zxqm54VulH9=,Vbx6z1wLV9ZSmO25b4c5
RME78126y/NB2W/62CU90pzx/6xWx=tP4b/IZhz+pK8r=,nUZ31rhG8J5w535PoUBV
v1nj/1i3Dh5zxSEdc7F2CuSN4WC7NmWzvj+46c9AX3N0=,S7S67pkErGR09X1151i5
M4QUKTR7nMV1PI2gJQ89gkC8+tKYhqRXkgZ43PpdT0fa=,2ldpTXfE0jk8085QPBbC
w208/VWA4+I3OM7w2695u7mO/Zn17Lu192e2qhF/x11i=,6cAJN98d5Q44E2KIJ9A4
dIjx1nDP7us10Zje2651K65X+uFx9=cy0l+0nU6+hQ2C=,Lq9EVMiDdFR6kKGv98x2
YMWlA4c524T9T912cSM+nT3y+tERPy783r+6KR2+f947=,NPVD6aXmhx5Ivi9445dR
XBgJopJmv02TZy+39XZ7n6Ejl1v6A+e25I+2E7a+tQ1z=,iY7LN7KQC078V23HE9YR
QHR9+Qpq9dQllSwa60vu949b3OtaX6j4aBdV31WwlnKS=,5aVkm69EiDGzwDgxtUeN
3F461G3CZ6lFomN0x6y/F07Z96ny6NmdaOilnGL+EnYQ=,R4U4HkrW7pT1Q1659C7G
cS1B+qs5MG8BTxyU4m9z2lF8+h3W38aFGgxIr7EJECEq=,494cn2M49fTnkkezt0io
t0ig6T0mvx7A9h/4r6n/7XuC+zKWm=4C8XqkiLZ+q9Qc=,8O48uY6zc3qi22QcE28E
2Lx8+rMFW/E02QPYc5E68mS9+O34Q=J9D0+MKqcabAh6=,E81UhTC8Bb8tme4dhLW9
F07bEIUP2yyPc0+WK43+g0Svodxh51s7N4ng8B5H1074=,04t8GAXdNeT7aq25pG6B
Kaxu+tLHM/x5W1/4NTe08n4Y+dzUe+sZFW+E3ZW/RpkS=,xI522iPI6JG20BgUZL9H
0OBy8eXhEu9aBy/do79/dAZQ4Ps7V+p5c8+lYSBXect1=,wVJ0CgeV4NzpRZhWO36J
6KlJ3Ml58+XWiC8gf2c/rStY+84286aU655j4Dql2OtY=,uafV8TP11G3eirc8lr92
RO4Qs7600/4394PE50FrV41e+3uv30HsFN7119y/145q=,qAm4tfYcDjAX7xTwz521
3P25+4hgEnTKA7+0HgZ+91lT/vs64Dzqkt9s8Hxf8geX=,DS0aAFal5kISkX0nGVS9
pa6HOD17aYQ54F/UkAqi208f+8AAJ=85Z8Qyl366772w=,tx4Gv3P8YSk7Z01qOu7w
A3jh32jac0W5sK6PXjfxD9qt/6ZF4+B5u0+q4O9/spzr=,YKQ8rOnjWYc9XZD0kT9B